{
    "loss": 1.547887533903122, 
    "accuracy": 0.9202357700892857
}