{
    "loss": 1.5418300569057464, 
    "accuracy": 0.9260110294117647
}