{
    "loss": 1.5481301695108414, 
    "accuracy": 0.9195614769345237
}